{"cameraMode":{"drawMode":0,"name":"Shaded","section":"Shading Mode"},"sceneLighting":false,"audioPlay":false,"sceneViewState":{"showFog":true,"showMaterialUpdate":false,"showSkybox":true,"showFlares":true,"showImageEffects":true,"showParticleSystems":true},"in2DMode":false,"pivot":{"x":-224.4607391357422,"y":-19.458881378173829,"z":-87.46188354492188},"rotation":{"x":0.03212400898337364,"y":-0.8341038823127747,"z":0.048850782215595248,"w":0.5485002398490906},"size":321.2754821777344,"orthographic":false}